loss/actor,loss/critic1,loss/critic2,timestep
0.0018878827599692173,-1.0,-1.0,1000
0.0003345034101803326,-1.0,-1.0,2000
0.00022868990051210872,-1.0,-1.0,3000
0.0001819458737154487,-1.0,-1.0,4000
0.0001549689550156474,-1.0,-1.0,5000
0.00013484260690893308,-1.0,-1.0,6000
0.00011754236773413159,-1.0,-1.0,7000
0.00010833792728953993,-1.0,-1.0,8000
9.668288945249522e-05,-1.0,-1.0,9000
8.988069047336463e-05,-1.0,-1.0,10000
8.267916627664806e-05,-1.0,-1.0,11000
7.746563908585825e-05,-1.0,-1.0,12000
7.30327711498832e-05,-1.0,-1.0,13000
6.843688292065055e-05,-1.0,-1.0,14000
6.561731676629292e-05,-1.0,-1.0,15000
6.197093462833437e-05,-1.0,-1.0,16000
6.0153676797199316e-05,-1.0,-1.0,17000
5.6805663618433814e-05,-1.0,-1.0,18000
5.3646227032004397e-05,-1.0,-1.0,19000
5.330127517299842e-05,-1.0,-1.0,20000
5.1736572939262264e-05,-1.0,-1.0,21000
4.908515028364491e-05,-1.0,-1.0,22000
4.774532556984911e-05,-1.0,-1.0,23000
4.616619848093252e-05,-1.0,-1.0,24000
4.6015227024326915e-05,-1.0,-1.0,25000
4.283268051949555e-05,-1.0,-1.0,26000
4.3207515987887774e-05,-1.0,-1.0,27000
4.1376169079740136e-05,-1.0,-1.0,28000
4.1378076806722673e-05,-1.0,-1.0,29000
4.073332242478489e-05,-1.0,-1.0,30000
3.893501755737817e-05,-1.0,-1.0,31000
3.8232303535551094e-05,-1.0,-1.0,32000
3.7437850727655925e-05,-1.0,-1.0,33000
3.730762952000067e-05,-1.0,-1.0,34000
3.601917442938438e-05,-1.0,-1.0,35000
3.5974178994365396e-05,-1.0,-1.0,36000
3.480919058347353e-05,-1.0,-1.0,37000
3.433764077635713e-05,-1.0,-1.0,38000
3.391177195771891e-05,-1.0,-1.0,39000
3.32847031313578e-05,-1.0,-1.0,40000
3.315660252701486e-05,-1.0,-1.0,41000
3.238330420208516e-05,-1.0,-1.0,42000
3.182486651530783e-05,-1.0,-1.0,43000
3.131756733637305e-05,-1.0,-1.0,44000
3.104923939645235e-05,-1.0,-1.0,45000
3.0756427064261486e-05,-1.0,-1.0,46000
3.0285016790003292e-05,-1.0,-1.0,47000
2.969353806474827e-05,-1.0,-1.0,48000
3.0085604914347668e-05,-1.0,-1.0,49000
2.9051383717160216e-05,-1.0,-1.0,50000
2.8757375188433787e-05,-1.0,-1.0,51000
2.8340132093944747e-05,-1.0,-1.0,52000
2.8604772011021828e-05,-1.0,-1.0,53000
2.7605085129835094e-05,-1.0,-1.0,54000
2.822074574214637e-05,-1.0,-1.0,55000
2.7078077644546287e-05,-1.0,-1.0,56000
2.6966912015268437e-05,-1.0,-1.0,57000
2.6684384502004794e-05,-1.0,-1.0,58000
2.6648424422091936e-05,-1.0,-1.0,59000
2.6368952285338285e-05,-1.0,-1.0,60000
2.615904537378812e-05,-1.0,-1.0,61000
2.562608015068693e-05,-1.0,-1.0,62000
2.56635669738898e-05,-1.0,-1.0,63000
2.5204574189047e-05,-1.0,-1.0,64000
2.514237666946427e-05,-1.0,-1.0,65000
2.5482003720753717e-05,-1.0,-1.0,66000
2.4310319469805068e-05,-1.0,-1.0,67000
2.45564782853762e-05,-1.0,-1.0,68000
2.431139929649361e-05,-1.0,-1.0,69000
2.4391609031226818e-05,-1.0,-1.0,70000
2.3936955836688857e-05,-1.0,-1.0,71000
2.384550452370608e-05,-1.0,-1.0,72000
2.3487100001148063e-05,-1.0,-1.0,73000
2.3566306015709403e-05,-1.0,-1.0,74000
2.2960914096984175e-05,-1.0,-1.0,75000
2.3516003153417868e-05,-1.0,-1.0,76000
2.2876732238728452e-05,-1.0,-1.0,77000
2.280799120126178e-05,-1.0,-1.0,78000
2.2661379442070038e-05,-1.0,-1.0,79000
2.282548653602132e-05,-1.0,-1.0,80000
2.2500408944324613e-05,-1.0,-1.0,81000
2.231442777338083e-05,-1.0,-1.0,82000
2.209756461525102e-05,-1.0,-1.0,83000
2.1830160583704052e-05,-1.0,-1.0,84000
2.188126180044494e-05,-1.0,-1.0,85000
2.1658352776285037e-05,-1.0,-1.0,86000
2.1387515609603767e-05,-1.0,-1.0,87000
2.1489993348950483e-05,-1.0,-1.0,88000
2.0826790125283818e-05,-1.0,-1.0,89000
2.1111587409905028e-05,-1.0,-1.0,90000
2.1034989646068405e-05,-1.0,-1.0,91000
2.088353722137988e-05,-1.0,-1.0,92000
2.092055269986304e-05,-1.0,-1.0,93000
2.072084776955308e-05,-1.0,-1.0,94000
2.0475566221648425e-05,-1.0,-1.0,95000
2.049253723635049e-05,-1.0,-1.0,96000
2.0502682398728193e-05,-1.0,-1.0,97000
2.032985977166389e-05,-1.0,-1.0,98000
1.9846726208925212e-05,-1.0,-1.0,99000
1.9881118183548114e-05,-1.0,-1.0,100000
1.9972710482761604e-05,-1.0,-1.0,101000
1.9792701694314042e-05,-1.0,-1.0,102000
1.9491947505230176e-05,-1.0,-1.0,103000
2.0183981101581605e-05,-1.0,-1.0,104000
1.9084715164353867e-05,-1.0,-1.0,105000
1.9075025123129315e-05,-1.0,-1.0,106000
1.9638309735455475e-05,-1.0,-1.0,107000
1.9114206369522437e-05,-1.0,-1.0,108000
1.922591175116393e-05,-1.0,-1.0,109000
1.8943091973596902e-05,-1.0,-1.0,110000
1.8633389124261156e-05,-1.0,-1.0,111000
1.884023073762359e-05,-1.0,-1.0,112000
1.9042287871343464e-05,-1.0,-1.0,113000
1.885320465498806e-05,-1.0,-1.0,114000
1.8594370258142558e-05,-1.0,-1.0,115000
1.846141211808569e-05,-1.0,-1.0,116000
1.8381695519565233e-05,-1.0,-1.0,117000
1.8386383719189286e-05,-1.0,-1.0,118000
1.849263901294764e-05,-1.0,-1.0,119000
1.8017875737314128e-05,-1.0,-1.0,120000
1.822411898956487e-05,-1.0,-1.0,121000
1.8006506375058933e-05,-1.0,-1.0,122000
1.7847831533799757e-05,-1.0,-1.0,123000
1.805539596898601e-05,-1.0,-1.0,124000
1.7985799186135402e-05,-1.0,-1.0,125000
1.7608636361728677e-05,-1.0,-1.0,126000
1.7863205918729396e-05,-1.0,-1.0,127000
1.74776785897848e-05,-1.0,-1.0,128000
1.7628819847232052e-05,-1.0,-1.0,129000
1.7484439543295597e-05,-1.0,-1.0,130000
1.7424877504709014e-05,-1.0,-1.0,131000
1.7641398919295152e-05,-1.0,-1.0,132000
1.747005392644499e-05,-1.0,-1.0,133000
1.7001507651002593e-05,-1.0,-1.0,134000
1.7531381811750174e-05,-1.0,-1.0,135000
1.709764009228819e-05,-1.0,-1.0,136000
1.7115174367063436e-05,-1.0,-1.0,137000
1.7056928070815013e-05,-1.0,-1.0,138000
1.679812830479929e-05,-1.0,-1.0,139000
1.7118035331805025e-05,-1.0,-1.0,140000
1.6704835311429595e-05,-1.0,-1.0,141000
1.688260694936616e-05,-1.0,-1.0,142000
1.6754694481278446e-05,-1.0,-1.0,143000
1.686136720218199e-05,-1.0,-1.0,144000
1.65734807205808e-05,-1.0,-1.0,145000
1.6368620517823698e-05,-1.0,-1.0,146000
1.6705016412743106e-05,-1.0,-1.0,147000
1.6560738684347574e-05,-1.0,-1.0,148000
1.610455789432307e-05,-1.0,-1.0,149000
1.6192508891435895e-05,-1.0,-1.0,150000
1.6360374638679795e-05,-1.0,-1.0,151000
1.616314956663699e-05,-1.0,-1.0,152000
1.6383500048505077e-05,-1.0,-1.0,153000
1.6234255323979608e-05,-1.0,-1.0,154000
1.588039409034536e-05,-1.0,-1.0,155000
1.5984583053068484e-05,-1.0,-1.0,156000
1.58771612614146e-05,-1.0,-1.0,157000
1.6157109574123732e-05,-1.0,-1.0,158000
1.593870024680654e-05,-1.0,-1.0,159000
1.614568824425076e-05,-1.0,-1.0,160000
1.5599483412188376e-05,-1.0,-1.0,161000
1.5716551033619877e-05,-1.0,-1.0,162000
1.5551516456071123e-05,-1.0,-1.0,163000
1.583922574263856e-05,-1.0,-1.0,164000
1.5814544097338535e-05,-1.0,-1.0,165000
1.5487003676753383e-05,-1.0,-1.0,166000
1.5439448694451096e-05,-1.0,-1.0,167000
1.552583078864701e-05,-1.0,-1.0,168000
1.53819139122788e-05,-1.0,-1.0,169000
1.5484475045923316e-05,-1.0,-1.0,170000
1.5708790120697835e-05,-1.0,-1.0,171000
1.5066324882354823e-05,-1.0,-1.0,172000
1.5235509332342148e-05,-1.0,-1.0,173000
1.5519517472967012e-05,-1.0,-1.0,174000
1.5215584480756648e-05,-1.0,-1.0,175000
1.5386664979814714e-05,-1.0,-1.0,176000
1.5227113639411983e-05,-1.0,-1.0,177000
1.5117446557269445e-05,-1.0,-1.0,178000
1.489684062289598e-05,-1.0,-1.0,179000
1.5033040592243203e-05,-1.0,-1.0,180000
1.47807941702922e-05,-1.0,-1.0,181000
1.4839006452348255e-05,-1.0,-1.0,182000
1.49787038781142e-05,-1.0,-1.0,183000
1.504729019961812e-05,-1.0,-1.0,184000
1.4795300394325742e-05,-1.0,-1.0,185000
1.510070908716443e-05,-1.0,-1.0,186000
1.4940891453989004e-05,-1.0,-1.0,187000
1.4351667800838172e-05,-1.0,-1.0,188000
1.4984753596763772e-05,-1.0,-1.0,189000
1.4736050676219749e-05,-1.0,-1.0,190000
1.462957786316109e-05,-1.0,-1.0,191000
1.477322065693444e-05,-1.0,-1.0,192000
1.447647305849385e-05,-1.0,-1.0,193000
1.4868555541397653e-05,-1.0,-1.0,194000
1.4521337136102368e-05,-1.0,-1.0,195000
1.4442057560700037e-05,-1.0,-1.0,196000
1.470544008952858e-05,-1.0,-1.0,197000
1.4529905429299132e-05,-1.0,-1.0,198000
1.4123594489319655e-05,-1.0,-1.0,199000
1.467353425960028e-05,-1.0,-1.0,200000
1.4297556260316899e-05,-1.0,-1.0,201000
1.4537070002006663e-05,-1.0,-1.0,202000
1.3980134126541088e-05,-1.0,-1.0,203000
1.4463477825302105e-05,-1.0,-1.0,204000
1.4133979506368623e-05,-1.0,-1.0,205000
1.47412670066842e-05,-1.0,-1.0,206000
1.3819642920680047e-05,-1.0,-1.0,207000
1.4443678325733349e-05,-1.0,-1.0,208000
1.4229446159333754e-05,-1.0,-1.0,209000
1.406763787326782e-05,-1.0,-1.0,210000
1.4192483554325009e-05,-1.0,-1.0,211000
1.4053414351110401e-05,-1.0,-1.0,212000
1.407255144022202e-05,-1.0,-1.0,213000
1.3967778653750444e-05,-1.0,-1.0,214000
1.4028966237674476e-05,-1.0,-1.0,215000
1.3825454811922106e-05,-1.0,-1.0,216000
1.3937337464085409e-05,-1.0,-1.0,217000
1.3763816056780333e-05,-1.0,-1.0,218000
1.4026852050847095e-05,-1.0,-1.0,219000
1.3937250716480763e-05,-1.0,-1.0,220000
1.3825311113578216e-05,-1.0,-1.0,221000
1.3620596457258236e-05,-1.0,-1.0,222000
1.4024527908986799e-05,-1.0,-1.0,223000
1.3804205022097453e-05,-1.0,-1.0,224000
1.3762747038526872e-05,-1.0,-1.0,225000
1.3663967115462584e-05,-1.0,-1.0,226000
1.373141567637502e-05,-1.0,-1.0,227000
1.3552900835747995e-05,-1.0,-1.0,228000
1.355108689676854e-05,-1.0,-1.0,229000
1.3593456766102453e-05,-1.0,-1.0,230000
1.3672251594471159e-05,-1.0,-1.0,231000
1.3667787084159495e-05,-1.0,-1.0,232000
1.3478114089593865e-05,-1.0,-1.0,233000
1.3377013297940725e-05,-1.0,-1.0,234000
1.370437637160647e-05,-1.0,-1.0,235000
1.3368254709348527e-05,-1.0,-1.0,236000
1.3744801829489022e-05,-1.0,-1.0,237000
1.3452675890221142e-05,-1.0,-1.0,238000
1.3411543348411187e-05,-1.0,-1.0,239000
1.3255641189061848e-05,-1.0,-1.0,240000
1.3167844779673038e-05,-1.0,-1.0,241000
1.352535990190518e-05,-1.0,-1.0,242000
1.3500259175998506e-05,-1.0,-1.0,243000
1.321125913364085e-05,-1.0,-1.0,244000
1.3549129334023744e-05,-1.0,-1.0,245000
1.3400400109276222e-05,-1.0,-1.0,246000
1.33261841310741e-05,-1.0,-1.0,247000
1.3052731036623263e-05,-1.0,-1.0,248000
1.3518848754756627e-05,-1.0,-1.0,249000
1.3141092516889313e-05,-1.0,-1.0,250000
1.3315631091245453e-05,-1.0,-1.0,251000
1.3249434767203638e-05,-1.0,-1.0,252000
1.2970461391887527e-05,-1.0,-1.0,253000
1.3283437830068582e-05,-1.0,-1.0,254000
1.3078211767606244e-05,-1.0,-1.0,255000
1.3095970558424593e-05,-1.0,-1.0,256000
1.3080722740596683e-05,-1.0,-1.0,257000
1.3051893301963e-05,-1.0,-1.0,258000
1.3043741977526229e-05,-1.0,-1.0,259000
1.3066743921626767e-05,-1.0,-1.0,260000
1.3030942754994609e-05,-1.0,-1.0,261000
1.2905651215078252e-05,-1.0,-1.0,262000
1.2888367157756874e-05,-1.0,-1.0,263000
1.3141113447090907e-05,-1.0,-1.0,264000
1.2785260318196397e-05,-1.0,-1.0,265000
1.2954831721799573e-05,-1.0,-1.0,266000
1.3047751664998958e-05,-1.0,-1.0,267000
1.2500240395638667e-05,-1.0,-1.0,268000
1.2884041514553231e-05,-1.0,-1.0,269000
1.2916140320157855e-05,-1.0,-1.0,270000
1.2919578389301024e-05,-1.0,-1.0,271000
1.2660786939704865e-05,-1.0,-1.0,272000
1.2605437232195975e-05,-1.0,-1.0,273000
1.2902949092676853e-05,-1.0,-1.0,274000
1.2600317359101617e-05,-1.0,-1.0,275000
1.284696096263359e-05,-1.0,-1.0,276000
1.2929969038850682e-05,-1.0,-1.0,277000
1.2882999934845435e-05,-1.0,-1.0,278000
1.260085664307555e-05,-1.0,-1.0,279000
1.2655270658797232e-05,-1.0,-1.0,280000
1.2868206910752645e-05,-1.0,-1.0,281000
1.2714533216239951e-05,-1.0,-1.0,282000
1.2640001318686685e-05,-1.0,-1.0,283000
1.2359697924694035e-05,-1.0,-1.0,284000
1.2709225715298064e-05,-1.0,-1.0,285000
1.258045470603973e-05,-1.0,-1.0,286000
1.246545768026406e-05,-1.0,-1.0,287000
1.2667354915720354e-05,-1.0,-1.0,288000
1.2400258691741326e-05,-1.0,-1.0,289000
1.2452581255274707e-05,-1.0,-1.0,290000
1.2279085113732452e-05,-1.0,-1.0,291000
1.2500535189246892e-05,-1.0,-1.0,292000
1.2468601819819006e-05,-1.0,-1.0,293000
1.2573932031045815e-05,-1.0,-1.0,294000
1.2419399658028845e-05,-1.0,-1.0,295000
1.2216010036354436e-05,-1.0,-1.0,296000
1.2566146891003902e-05,-1.0,-1.0,297000
1.2316171659222175e-05,-1.0,-1.0,298000
1.2330511431173377e-05,-1.0,-1.0,299000
1.2228653664351417e-05,-1.0,-1.0,300000
1.23554797273755e-05,-1.0,-1.0,301000
1.2232809094712138e-05,-1.0,-1.0,302000
1.2354281894658904e-05,-1.0,-1.0,303000
1.2298593644118194e-05,-1.0,-1.0,304000
1.2295970010200118e-05,-1.0,-1.0,305000
1.222615961887641e-05,-1.0,-1.0,306000
1.2220108832480047e-05,-1.0,-1.0,307000
1.2381777150949341e-05,-1.0,-1.0,308000
1.2158301020463113e-05,-1.0,-1.0,309000
1.21642730318854e-05,-1.0,-1.0,310000
1.2097139105208048e-05,-1.0,-1.0,311000
1.2259610733053708e-05,-1.0,-1.0,312000
1.2078717218173556e-05,-1.0,-1.0,313000
1.2242301849255446e-05,-1.0,-1.0,314000
1.203945239831227e-05,-1.0,-1.0,315000
1.2310116497246785e-05,-1.0,-1.0,316000
1.2072847191120666e-05,-1.0,-1.0,317000
1.1960867104789945e-05,-1.0,-1.0,318000
1.2278881336897036e-05,-1.0,-1.0,319000
1.1752642922147063e-05,-1.0,-1.0,320000
1.2239973550094857e-05,-1.0,-1.0,321000
1.2021432022265802e-05,-1.0,-1.0,322000
1.189771966983244e-05,-1.0,-1.0,323000
1.2102275464712864e-05,-1.0,-1.0,324000
1.2000932065348014e-05,-1.0,-1.0,325000
1.1973615798524435e-05,-1.0,-1.0,326000
1.1703817158377178e-05,-1.0,-1.0,327000
1.2009969988866948e-05,-1.0,-1.0,328000
1.1970557859967792e-05,-1.0,-1.0,329000
1.208241141375765e-05,-1.0,-1.0,330000
1.1630688413788401e-05,-1.0,-1.0,331000
1.2051348266140883e-05,-1.0,-1.0,332000
1.1681451563163139e-05,-1.0,-1.0,333000
1.2168358088274549e-05,-1.0,-1.0,334000
1.1696800082972928e-05,-1.0,-1.0,335000
1.1920471217308643e-05,-1.0,-1.0,336000
1.1956226888287338e-05,-1.0,-1.0,337000
1.182567545583876e-05,-1.0,-1.0,338000
1.1914449884898201e-05,-1.0,-1.0,339000
1.200187207723504e-05,-1.0,-1.0,340000
1.1570760820177385e-05,-1.0,-1.0,341000
1.1547530539246527e-05,-1.0,-1.0,342000
1.1680796815198863e-05,-1.0,-1.0,343000
1.1898213513632066e-05,-1.0,-1.0,344000
1.1784723033997599e-05,-1.0,-1.0,345000
1.1716389230059568e-05,-1.0,-1.0,346000
1.1586170658119982e-05,-1.0,-1.0,347000
1.1614843751885942e-05,-1.0,-1.0,348000
1.1822361972917846e-05,-1.0,-1.0,349000
1.182948577661589e-05,-1.0,-1.0,350000
1.1587551691263808e-05,-1.0,-1.0,351000
1.1394045189263147e-05,-1.0,-1.0,352000
1.1739253225641747e-05,-1.0,-1.0,353000
1.162240826306516e-05,-1.0,-1.0,354000
1.1684303071888248e-05,-1.0,-1.0,355000
1.1504265688017755e-05,-1.0,-1.0,356000
1.1429053080064463e-05,-1.0,-1.0,357000
1.1630290392531614e-05,-1.0,-1.0,358000
1.1511449864883632e-05,-1.0,-1.0,359000
1.1564028049178899e-05,-1.0,-1.0,360000
1.1502962838676477e-05,-1.0,-1.0,361000
1.1363070897459701e-05,-1.0,-1.0,362000
1.1410230270485054e-05,-1.0,-1.0,363000
1.1666786072055395e-05,-1.0,-1.0,364000
1.1486276200230345e-05,-1.0,-1.0,365000
1.1284909754977007e-05,-1.0,-1.0,366000
1.1449802746028587e-05,-1.0,-1.0,367000
1.1275658845988794e-05,-1.0,-1.0,368000
1.177048091267352e-05,-1.0,-1.0,369000
1.1355521544828672e-05,-1.0,-1.0,370000
1.1311541363284051e-05,-1.0,-1.0,371000
1.1452236285549606e-05,-1.0,-1.0,372000
1.1242649092309881e-05,-1.0,-1.0,373000
1.124976369737852e-05,-1.0,-1.0,374000
1.124918254754446e-05,-1.0,-1.0,375000
1.134711252780108e-05,-1.0,-1.0,376000
1.1315412209114564e-05,-1.0,-1.0,377000
1.1397226578083074e-05,-1.0,-1.0,378000
1.1591187846534005e-05,-1.0,-1.0,379000
1.1125883319436973e-05,-1.0,-1.0,380000
1.1457173438429883e-05,-1.0,-1.0,381000
1.123604662370783e-05,-1.0,-1.0,382000
1.1408656358071318e-05,-1.0,-1.0,383000
1.1136941891891177e-05,-1.0,-1.0,384000
1.1358632620613211e-05,-1.0,-1.0,385000
1.1369894295057754e-05,-1.0,-1.0,386000
1.1408332748032998e-05,-1.0,-1.0,387000
1.1173619426699577e-05,-1.0,-1.0,388000
1.1256725385464977e-05,-1.0,-1.0,389000
1.1316736132357609e-05,-1.0,-1.0,390000
1.1098693371422995e-05,-1.0,-1.0,391000
1.1334163910760226e-05,-1.0,-1.0,392000
1.1330862066643026e-05,-1.0,-1.0,393000
1.1052539341108086e-05,-1.0,-1.0,394000
1.1080715615207748e-05,-1.0,-1.0,395000
1.1391664873372065e-05,-1.0,-1.0,396000
1.0892202743889379e-05,-1.0,-1.0,397000
1.1180189525475712e-05,-1.0,-1.0,398000
1.1242826506531852e-05,-1.0,-1.0,399000
1.1074964327235651e-05,-1.0,-1.0,400000
1.1109938232038991e-05,-1.0,-1.0,401000
1.096190153384668e-05,-1.0,-1.0,402000
1.1128979749628343e-05,-1.0,-1.0,403000
1.085377149320265e-05,-1.0,-1.0,404000
1.1264086507253529e-05,-1.0,-1.0,405000
1.1089265103692012e-05,-1.0,-1.0,406000
1.1049340012505154e-05,-1.0,-1.0,407000
1.0864647166272327e-05,-1.0,-1.0,408000
1.0943206431875271e-05,-1.0,-1.0,409000
1.1184979895006115e-05,-1.0,-1.0,410000
1.087737482521335e-05,-1.0,-1.0,411000
1.1001433147612264e-05,-1.0,-1.0,412000
1.1095420135461595e-05,-1.0,-1.0,413000
1.1050189209527167e-05,-1.0,-1.0,414000
1.0769085519314118e-05,-1.0,-1.0,415000
1.0961233439047666e-05,-1.0,-1.0,416000
1.0997062063324831e-05,-1.0,-1.0,417000
1.0839634757758156e-05,-1.0,-1.0,418000
1.0998886019478945e-05,-1.0,-1.0,419000
1.1026082751413909e-05,-1.0,-1.0,420000
1.0797557975820365e-05,-1.0,-1.0,421000
1.0952863582133437e-05,-1.0,-1.0,422000
1.080175054448773e-05,-1.0,-1.0,423000
1.1020311731954304e-05,-1.0,-1.0,424000
1.0666201398635151e-05,-1.0,-1.0,425000
1.0824259979926872e-05,-1.0,-1.0,426000
1.1099957566329994e-05,-1.0,-1.0,427000
1.0863132765734925e-05,-1.0,-1.0,428000
1.0766114911348264e-05,-1.0,-1.0,429000
1.092346272071153e-05,-1.0,-1.0,430000
1.0731859794759689e-05,-1.0,-1.0,431000
1.0888596526456249e-05,-1.0,-1.0,432000
1.0812039451593592e-05,-1.0,-1.0,433000
1.0733948991401121e-05,-1.0,-1.0,434000
1.0805648131281525e-05,-1.0,-1.0,435000
1.0680311094802149e-05,-1.0,-1.0,436000
1.0814694386681364e-05,-1.0,-1.0,437000
1.0606253705191194e-05,-1.0,-1.0,438000
1.0743800035925224e-05,-1.0,-1.0,439000
1.1036287649403702e-05,-1.0,-1.0,440000
1.0491894259757834e-05,-1.0,-1.0,441000
1.085713428255989e-05,-1.0,-1.0,442000
1.0576893718280173e-05,-1.0,-1.0,443000
1.0706783326895673e-05,-1.0,-1.0,444000
1.065944877609582e-05,-1.0,-1.0,445000
1.073430715587163e-05,-1.0,-1.0,446000
1.055689940130832e-05,-1.0,-1.0,447000
1.0823121001521953e-05,-1.0,-1.0,448000
1.0431975641949992e-05,-1.0,-1.0,449000
1.0653942229509997e-05,-1.0,-1.0,450000
1.0718800709582874e-05,-1.0,-1.0,451000
1.0475982045136355e-05,-1.0,-1.0,452000
1.0800647623000264e-05,-1.0,-1.0,453000
1.0426251037642938e-05,-1.0,-1.0,454000
1.0642017107784342e-05,-1.0,-1.0,455000
1.045819426781236e-05,-1.0,-1.0,456000
1.0536393521761064e-05,-1.0,-1.0,457000
1.070438918213767e-05,-1.0,-1.0,458000
1.042577185671688e-05,-1.0,-1.0,459000
1.0791697211971005e-05,-1.0,-1.0,460000
1.0611586439154056e-05,-1.0,-1.0,461000
1.0602341690173491e-05,-1.0,-1.0,462000
1.0414386179945736e-05,-1.0,-1.0,463000
1.0671895932318851e-05,-1.0,-1.0,464000
1.0527449251640088e-05,-1.0,-1.0,465000
1.0591750527964905e-05,-1.0,-1.0,466000
1.0403663012766628e-05,-1.0,-1.0,467000
1.0490706905329725e-05,-1.0,-1.0,468000
1.0777772083201834e-05,-1.0,-1.0,469000
1.0373521880865163e-05,-1.0,-1.0,470000
1.0514606163269486e-05,-1.0,-1.0,471000
1.0594720636618149e-05,-1.0,-1.0,472000
1.0339061550439506e-05,-1.0,-1.0,473000
1.0514248616345875e-05,-1.0,-1.0,474000
1.0568936540948935e-05,-1.0,-1.0,475000
1.0312720245565295e-05,-1.0,-1.0,476000
1.0414606861559135e-05,-1.0,-1.0,477000
1.0528963596698302e-05,-1.0,-1.0,478000
1.0394695667855523e-05,-1.0,-1.0,479000
1.0433762298816874e-05,-1.0,-1.0,480000
1.034004574466962e-05,-1.0,-1.0,481000
1.0431623783915708e-05,-1.0,-1.0,482000
1.0393005685727998e-05,-1.0,-1.0,483000
1.0396030468655238e-05,-1.0,-1.0,484000
1.0284962954756343e-05,-1.0,-1.0,485000
1.035090212735669e-05,-1.0,-1.0,486000
1.0378853757174501e-05,-1.0,-1.0,487000
1.0401559320598621e-05,-1.0,-1.0,488000
1.0284684131875113e-05,-1.0,-1.0,489000
1.0423481312500387e-05,-1.0,-1.0,490000
1.0594511201816188e-05,-1.0,-1.0,491000
1.0359768188664046e-05,-1.0,-1.0,492000
1.0326051897209251e-05,-1.0,-1.0,493000
1.0201971255810325e-05,-1.0,-1.0,494000
1.0375316234785702e-05,-1.0,-1.0,495000
1.03095479462354e-05,-1.0,-1.0,496000
1.0420591479487493e-05,-1.0,-1.0,497000
1.029167803699241e-05,-1.0,-1.0,498000
1.0218757107850264e-05,-1.0,-1.0,499000
1.016376735515224e-05,-1.0,-1.0,500000
1.0244083147881601e-05,-1.0,-1.0,501000
1.0304737646947645e-05,-1.0,-1.0,502000
1.0288664889230865e-05,-1.0,-1.0,503000
1.0270808384120761e-05,-1.0,-1.0,504000
1.028235857484106e-05,-1.0,-1.0,505000
1.013357711872234e-05,-1.0,-1.0,506000
1.0359645374592233e-05,-1.0,-1.0,507000
1.0288509084602994e-05,-1.0,-1.0,508000
1.022613053328315e-05,-1.0,-1.0,509000
1.0150318711566781e-05,-1.0,-1.0,510000
1.0300657932020823e-05,-1.0,-1.0,511000
1.0204772047472962e-05,-1.0,-1.0,512000
1.0217766115602006e-05,-1.0,-1.0,513000
1.0313243173186488e-05,-1.0,-1.0,514000
1.0194486558702941e-05,-1.0,-1.0,515000
9.927585206696665e-06,-1.0,-1.0,516000
1.0093162813973302e-05,-1.0,-1.0,517000
1.0354917206768755e-05,-1.0,-1.0,518000
1.0203535414802904e-05,-1.0,-1.0,519000
1.0136822689673875e-05,-1.0,-1.0,520000
9.89886958541318e-06,-1.0,-1.0,521000
1.0166353399654347e-05,-1.0,-1.0,522000
1.0307509633094003e-05,-1.0,-1.0,523000
1.013333333685296e-05,-1.0,-1.0,524000
1.0053834511381852e-05,-1.0,-1.0,525000
1.006031382075889e-05,-1.0,-1.0,526000
9.993138037316368e-06,-1.0,-1.0,527000
1.0277814118126109e-05,-1.0,-1.0,528000
9.940834312146736e-06,-1.0,-1.0,529000
9.992889254135661e-06,-1.0,-1.0,530000
1.024501292249624e-05,-1.0,-1.0,531000
1.0093976185089568e-05,-1.0,-1.0,532000
1.0113358476701283e-05,-1.0,-1.0,533000
1.006177729414047e-05,-1.0,-1.0,534000
9.919197542330937e-06,-1.0,-1.0,535000
1.0214190506758307e-05,-1.0,-1.0,536000
1.0002784295465956e-05,-1.0,-1.0,537000
1.0148600934371644e-05,-1.0,-1.0,538000
9.89886765637494e-06,-1.0,-1.0,539000
1.0051103305158896e-05,-1.0,-1.0,540000
1.0293832972820373e-05,-1.0,-1.0,541000
9.89266178521573e-06,-1.0,-1.0,542000
1.006855725245259e-05,-1.0,-1.0,543000
1.0063616564821126e-05,-1.0,-1.0,544000
1.0063173059279504e-05,-1.0,-1.0,545000
9.823784765103494e-06,-1.0,-1.0,546000
1.0054598406895839e-05,-1.0,-1.0,547000
9.947512191956784e-06,-1.0,-1.0,548000
9.816012236115078e-06,-1.0,-1.0,549000
1.0082167540986124e-05,-1.0,-1.0,550000
9.949586669335996e-06,-1.0,-1.0,551000
1.0101606834723517e-05,-1.0,-1.0,552000
9.976981194085978e-06,-1.0,-1.0,553000
1.0127525220013904e-05,-1.0,-1.0,554000
9.923132747644562e-06,-1.0,-1.0,555000
9.859630344180891e-06,-1.0,-1.0,556000
9.771901443855308e-06,-1.0,-1.0,557000
1.0002434544730926e-05,-1.0,-1.0,558000
9.976833697692195e-06,-1.0,-1.0,559000
9.900057538743598e-06,-1.0,-1.0,560000
9.804530064684507e-06,-1.0,-1.0,561000
9.935070376286606e-06,-1.0,-1.0,562000
9.961573288364883e-06,-1.0,-1.0,563000
9.96985020992722e-06,-1.0,-1.0,564000
9.941679060830187e-06,-1.0,-1.0,565000
9.797813825571216e-06,-1.0,-1.0,566000
1.009565049116647e-05,-1.0,-1.0,567000
9.734336926157965e-06,-1.0,-1.0,568000
9.917878571286579e-06,-1.0,-1.0,569000
9.80930508012535e-06,-1.0,-1.0,570000
9.89580500845479e-06,-1.0,-1.0,571000
9.824878758990945e-06,-1.0,-1.0,572000
9.847177405390544e-06,-1.0,-1.0,573000
9.735727185670855e-06,-1.0,-1.0,574000
1.0157637010706814e-05,-1.0,-1.0,575000
9.764915122559568e-06,-1.0,-1.0,576000
9.790853465347044e-06,-1.0,-1.0,577000
9.928759770446061e-06,-1.0,-1.0,578000
9.761011921455066e-06,-1.0,-1.0,579000
9.908210845878772e-06,-1.0,-1.0,580000
9.825500135775678e-06,-1.0,-1.0,581000
9.755167067851273e-06,-1.0,-1.0,582000
9.843319654919476e-06,-1.0,-1.0,583000
9.925455226039047e-06,-1.0,-1.0,584000
9.766552007022267e-06,-1.0,-1.0,585000
9.909863592383764e-06,-1.0,-1.0,586000
9.667407978668021e-06,-1.0,-1.0,587000
1.0050861247236763e-05,-1.0,-1.0,588000
9.622115726415356e-06,-1.0,-1.0,589000
9.61763323721244e-06,-1.0,-1.0,590000
9.874164974007712e-06,-1.0,-1.0,591000
9.639997658268839e-06,-1.0,-1.0,592000
9.833076643190017e-06,-1.0,-1.0,593000
9.691465192645417e-06,-1.0,-1.0,594000
9.569623615334412e-06,-1.0,-1.0,595000
9.782848234408469e-06,-1.0,-1.0,596000
9.643249360124172e-06,-1.0,-1.0,597000
9.797434546726445e-06,-1.0,-1.0,598000
9.586763427250859e-06,-1.0,-1.0,599000
9.818627180720818e-06,-1.0,-1.0,600000
9.703930327759723e-06,-1.0,-1.0,601000
9.830372623582696e-06,-1.0,-1.0,602000
9.625781121030737e-06,-1.0,-1.0,603000
9.774851121619565e-06,-1.0,-1.0,604000
9.63388209538605e-06,-1.0,-1.0,605000
9.682236464868765e-06,-1.0,-1.0,606000
9.685654031727596e-06,-1.0,-1.0,607000
9.594289335382188e-06,-1.0,-1.0,608000
9.72549348762188e-06,-1.0,-1.0,609000
9.612796688543321e-06,-1.0,-1.0,610000
9.85587684590426e-06,-1.0,-1.0,611000
9.383495301335624e-06,-1.0,-1.0,612000
9.794237853839163e-06,-1.0,-1.0,613000
9.689607168638727e-06,-1.0,-1.0,614000
9.551325690608786e-06,-1.0,-1.0,615000
9.703456429178917e-06,-1.0,-1.0,616000
9.523304855065334e-06,-1.0,-1.0,617000
9.624260355394671e-06,-1.0,-1.0,618000
9.62399859190556e-06,-1.0,-1.0,619000
9.77057420686833e-06,-1.0,-1.0,620000
9.488454659731367e-06,-1.0,-1.0,621000
9.575100626079804e-06,-1.0,-1.0,622000
9.590619620666985e-06,-1.0,-1.0,623000
9.60868826405203e-06,-1.0,-1.0,624000
9.543629704239697e-06,-1.0,-1.0,625000
9.700598960080254e-06,-1.0,-1.0,626000
9.547448785724547e-06,-1.0,-1.0,627000
9.659841552093013e-06,-1.0,-1.0,628000
9.586568007762247e-06,-1.0,-1.0,629000
9.59556248562877e-06,-1.0,-1.0,630000
9.612158286017811e-06,-1.0,-1.0,631000
9.536270459648207e-06,-1.0,-1.0,632000
9.42940716413433e-06,-1.0,-1.0,633000
9.677578583705342e-06,-1.0,-1.0,634000
9.549163036353984e-06,-1.0,-1.0,635000
9.382245516917468e-06,-1.0,-1.0,636000
9.631783466375065e-06,-1.0,-1.0,637000
9.468799296428215e-06,-1.0,-1.0,638000
9.494422015905016e-06,-1.0,-1.0,639000
9.653106443693084e-06,-1.0,-1.0,640000
9.538214809708743e-06,-1.0,-1.0,641000
9.722211615553544e-06,-1.0,-1.0,642000
9.505819070909636e-06,-1.0,-1.0,643000
9.470022323966976e-06,-1.0,-1.0,644000
9.518016123820411e-06,-1.0,-1.0,645000
9.549366632199963e-06,-1.0,-1.0,646000
9.36741109853756e-06,-1.0,-1.0,647000
9.64500662666978e-06,-1.0,-1.0,648000
9.454620224914844e-06,-1.0,-1.0,649000
9.571310083174463e-06,-1.0,-1.0,650000
9.402166406289314e-06,-1.0,-1.0,651000
9.514237816802078e-06,-1.0,-1.0,652000
9.574900966981651e-06,-1.0,-1.0,653000
9.48547805410273e-06,-1.0,-1.0,654000
9.499952935129813e-06,-1.0,-1.0,655000
9.267881612231602e-06,-1.0,-1.0,656000
9.564255914483519e-06,-1.0,-1.0,657000
9.447488564092036e-06,-1.0,-1.0,658000
9.52979967132704e-06,-1.0,-1.0,659000
9.501191255367301e-06,-1.0,-1.0,660000
9.465574815294531e-06,-1.0,-1.0,661000
9.393353671839575e-06,-1.0,-1.0,662000
9.540194200326363e-06,-1.0,-1.0,663000
9.50972915688909e-06,-1.0,-1.0,664000
9.257491406970093e-06,-1.0,-1.0,665000
9.410925795236815e-06,-1.0,-1.0,666000
9.550861600928328e-06,-1.0,-1.0,667000
9.441891847472995e-06,-1.0,-1.0,668000
9.379372661896931e-06,-1.0,-1.0,669000
9.450105782889305e-06,-1.0,-1.0,670000
9.312663604305284e-06,-1.0,-1.0,671000
9.446112673685998e-06,-1.0,-1.0,672000
9.421969880804679e-06,-1.0,-1.0,673000
9.33929998973328e-06,-1.0,-1.0,674000
9.348502877855957e-06,-1.0,-1.0,675000
9.402361245065529e-06,-1.0,-1.0,676000
9.447204467051022e-06,-1.0,-1.0,677000
9.416239120582763e-06,-1.0,-1.0,678000
9.380036927268523e-06,-1.0,-1.0,679000
9.407707922946416e-06,-1.0,-1.0,680000
9.451610461837843e-06,-1.0,-1.0,681000
9.381830153415642e-06,-1.0,-1.0,682000
9.375784314670465e-06,-1.0,-1.0,683000
9.235773743057476e-06,-1.0,-1.0,684000
9.494816147253013e-06,-1.0,-1.0,685000
9.289940787311939e-06,-1.0,-1.0,686000
9.441676407277569e-06,-1.0,-1.0,687000
9.277234609726267e-06,-1.0,-1.0,688000
9.367173982354857e-06,-1.0,-1.0,689000
9.252370389276623e-06,-1.0,-1.0,690000
9.419369387160254e-06,-1.0,-1.0,691000
9.362998517190121e-06,-1.0,-1.0,692000
9.29547059104153e-06,-1.0,-1.0,693000
9.225675465586378e-06,-1.0,-1.0,694000
9.301213326125473e-06,-1.0,-1.0,695000
9.439103805107141e-06,-1.0,-1.0,696000
9.207600040099342e-06,-1.0,-1.0,697000
9.28533096021055e-06,-1.0,-1.0,698000
9.232247182808348e-06,-1.0,-1.0,699000
9.473366077600077e-06,-1.0,-1.0,700000
9.240706049240554e-06,-1.0,-1.0,701000
9.488086573583129e-06,-1.0,-1.0,702000
9.267189610454804e-06,-1.0,-1.0,703000
9.440821430416662e-06,-1.0,-1.0,704000
9.013960332140412e-06,-1.0,-1.0,705000
9.31805445225109e-06,-1.0,-1.0,706000
9.487762936259962e-06,-1.0,-1.0,707000
9.19323649486615e-06,-1.0,-1.0,708000
9.142546661223575e-06,-1.0,-1.0,709000
9.277914530230187e-06,-1.0,-1.0,710000
9.212625609052323e-06,-1.0,-1.0,711000
9.480945956056532e-06,-1.0,-1.0,712000
9.091947262277268e-06,-1.0,-1.0,713000
9.296632266341475e-06,-1.0,-1.0,714000
9.301447525103875e-06,-1.0,-1.0,715000
9.081201969820535e-06,-1.0,-1.0,716000
9.23705057675761e-06,-1.0,-1.0,717000
9.338198764908157e-06,-1.0,-1.0,718000
9.21334342592671e-06,-1.0,-1.0,719000
9.201325254707611e-06,-1.0,-1.0,720000
9.388312428654886e-06,-1.0,-1.0,721000
9.193049112582221e-06,-1.0,-1.0,722000
9.243921545021287e-06,-1.0,-1.0,723000
9.123495777203061e-06,-1.0,-1.0,724000
9.235353188614657e-06,-1.0,-1.0,725000
9.040477109465418e-06,-1.0,-1.0,726000
9.063221460110068e-06,-1.0,-1.0,727000
9.336440125025558e-06,-1.0,-1.0,728000
9.281879717946108e-06,-1.0,-1.0,729000
9.124726872869372e-06,-1.0,-1.0,730000
9.201213386404536e-06,-1.0,-1.0,731000
9.118177214077127e-06,-1.0,-1.0,732000
9.145403621005247e-06,-1.0,-1.0,733000
9.088934210922175e-06,-1.0,-1.0,734000
9.393694111622606e-06,-1.0,-1.0,735000
9.121936391238698e-06,-1.0,-1.0,736000
9.174381727461858e-06,-1.0,-1.0,737000
9.081030947527322e-06,-1.0,-1.0,738000
9.184407419070364e-06,-1.0,-1.0,739000
9.178997678645811e-06,-1.0,-1.0,740000
9.2534631075978e-06,-1.0,-1.0,741000
9.344081369363284e-06,-1.0,-1.0,742000
8.99229237347754e-06,-1.0,-1.0,743000
9.097240151277204e-06,-1.0,-1.0,744000
9.17852619659244e-06,-1.0,-1.0,745000
9.20421454429745e-06,-1.0,-1.0,746000
9.143471836978272e-06,-1.0,-1.0,747000
9.070995929050688e-06,-1.0,-1.0,748000
9.317147599176668e-06,-1.0,-1.0,749000
8.889567297046623e-06,-1.0,-1.0,750000
9.279927042371124e-06,-1.0,-1.0,751000
9.031062812482541e-06,-1.0,-1.0,752000
9.217584508405708e-06,-1.0,-1.0,753000
9.053460723862372e-06,-1.0,-1.0,754000
9.290375908676646e-06,-1.0,-1.0,755000
8.96505991158847e-06,-1.0,-1.0,756000
9.23711023824581e-06,-1.0,-1.0,757000
9.04611106307128e-06,-1.0,-1.0,758000
9.052172260453529e-06,-1.0,-1.0,759000
9.224110290233521e-06,-1.0,-1.0,760000
9.050871341059979e-06,-1.0,-1.0,761000
9.180169771752863e-06,-1.0,-1.0,762000
8.898010814846225e-06,-1.0,-1.0,763000
9.161576101632827e-06,-1.0,-1.0,764000
9.215923286774336e-06,-1.0,-1.0,765000
8.890492046702998e-06,-1.0,-1.0,766000
9.00833815512668e-06,-1.0,-1.0,767000
9.093669951653293e-06,-1.0,-1.0,768000
9.106862419685044e-06,-1.0,-1.0,769000
9.107756017783688e-06,-1.0,-1.0,770000
9.024008586038692e-06,-1.0,-1.0,771000
9.313379574905424e-06,-1.0,-1.0,772000
8.881808576461473e-06,-1.0,-1.0,773000
9.133633904184544e-06,-1.0,-1.0,774000
9.011961039959717e-06,-1.0,-1.0,775000
8.985151775959803e-06,-1.0,-1.0,776000
9.000384111004654e-06,-1.0,-1.0,777000
9.024292352023617e-06,-1.0,-1.0,778000
9.067154481272134e-06,-1.0,-1.0,779000
8.992299059627844e-06,-1.0,-1.0,780000
9.00459196600422e-06,-1.0,-1.0,781000
8.98479920169848e-06,-1.0,-1.0,782000
9.107229174333063e-06,-1.0,-1.0,783000
9.13400892341089e-06,-1.0,-1.0,784000
8.788530526999237e-06,-1.0,-1.0,785000
8.988513889562434e-06,-1.0,-1.0,786000
9.149243868250807e-06,-1.0,-1.0,787000
9.009657217575285e-06,-1.0,-1.0,788000
9.180228630611957e-06,-1.0,-1.0,789000
8.85796650845804e-06,-1.0,-1.0,790000
8.99772057755401e-06,-1.0,-1.0,791000
8.955428870194744e-06,-1.0,-1.0,792000
9.131931290539822e-06,-1.0,-1.0,793000
8.782268129834843e-06,-1.0,-1.0,794000
9.052806095951361e-06,-1.0,-1.0,795000
8.97983557979388e-06,-1.0,-1.0,796000
8.882122612249066e-06,-1.0,-1.0,797000
9.235638389327521e-06,-1.0,-1.0,798000
8.840485157179506e-06,-1.0,-1.0,799000
9.088172268548092e-06,-1.0,-1.0,800000
8.989067267975768e-06,-1.0,-1.0,801000
8.897895630980209e-06,-1.0,-1.0,802000
8.945626126660503e-06,-1.0,-1.0,803000
8.993816274596615e-06,-1.0,-1.0,804000
8.778559159964085e-06,-1.0,-1.0,805000
9.138147701833064e-06,-1.0,-1.0,806000
9.023909460211154e-06,-1.0,-1.0,807000
8.895199121525367e-06,-1.0,-1.0,808000
9.02407544026571e-06,-1.0,-1.0,809000
8.988635496280024e-06,-1.0,-1.0,810000
8.881188708983236e-06,-1.0,-1.0,811000
8.96337248059352e-06,-1.0,-1.0,812000
9.100350523567599e-06,-1.0,-1.0,813000
8.963135514022725e-06,-1.0,-1.0,814000
8.89266919330114e-06,-1.0,-1.0,815000
9.062133663064722e-06,-1.0,-1.0,816000
9.025806425142949e-06,-1.0,-1.0,817000
8.676591624862351e-06,-1.0,-1.0,818000
8.927660134759188e-06,-1.0,-1.0,819000
8.92025087978254e-06,-1.0,-1.0,820000
8.83020194169149e-06,-1.0,-1.0,821000
8.848640462474607e-06,-1.0,-1.0,822000
9.153835800134394e-06,-1.0,-1.0,823000
8.884835887783991e-06,-1.0,-1.0,824000
9.001548140531643e-06,-1.0,-1.0,825000
8.836996494210322e-06,-1.0,-1.0,826000
9.083010762878982e-06,-1.0,-1.0,827000
8.76845092216171e-06,-1.0,-1.0,828000
9.002473185319105e-06,-1.0,-1.0,829000
8.804203589534163e-06,-1.0,-1.0,830000
8.857984238602498e-06,-1.0,-1.0,831000
8.927958370804853e-06,-1.0,-1.0,832000
8.879696909843908e-06,-1.0,-1.0,833000
8.794236584435557e-06,-1.0,-1.0,834000
8.952443147336443e-06,-1.0,-1.0,835000
8.825171055377702e-06,-1.0,-1.0,836000
8.993972315238347e-06,-1.0,-1.0,837000
8.785591656305776e-06,-1.0,-1.0,838000
8.89123570686934e-06,-1.0,-1.0,839000
8.784384101545579e-06,-1.0,-1.0,840000
8.95353970599899e-06,-1.0,-1.0,841000
8.844807253808567e-06,-1.0,-1.0,842000
8.803067685676061e-06,-1.0,-1.0,843000
8.768928429162768e-06,-1.0,-1.0,844000
8.901706120923341e-06,-1.0,-1.0,845000
9.019436698963547e-06,-1.0,-1.0,846000
8.813282524442924e-06,-1.0,-1.0,847000
9.025022000059829e-06,-1.0,-1.0,848000
8.700983650669487e-06,-1.0,-1.0,849000
8.709616726264334e-06,-1.0,-1.0,850000
8.784825889961224e-06,-1.0,-1.0,851000
9.012670908305163e-06,-1.0,-1.0,852000
8.840647038596196e-06,-1.0,-1.0,853000
8.860822136739434e-06,-1.0,-1.0,854000
8.856460812239686e-06,-1.0,-1.0,855000
8.767283887209497e-06,-1.0,-1.0,856000
8.811688980131306e-06,-1.0,-1.0,857000
8.943888447902296e-06,-1.0,-1.0,858000
8.917486248719806e-06,-1.0,-1.0,859000
8.583932028614072e-06,-1.0,-1.0,860000
8.974228873285029e-06,-1.0,-1.0,861000
8.829294656607114e-06,-1.0,-1.0,862000
8.802833747722617e-06,-1.0,-1.0,863000
8.735398865155723e-06,-1.0,-1.0,864000
8.993556697077994e-06,-1.0,-1.0,865000
8.821360318052041e-06,-1.0,-1.0,866000
8.680978693973889e-06,-1.0,-1.0,867000
8.86595006068093e-06,-1.0,-1.0,868000
8.907241051019814e-06,-1.0,-1.0,869000
8.744358281546735e-06,-1.0,-1.0,870000
8.77235136385933e-06,-1.0,-1.0,871000
8.745317957163946e-06,-1.0,-1.0,872000
8.650675722492466e-06,-1.0,-1.0,873000
8.858865916408815e-06,-1.0,-1.0,874000
9.02308684953823e-06,-1.0,-1.0,875000
8.647850900160852e-06,-1.0,-1.0,876000
8.793808731297771e-06,-1.0,-1.0,877000
8.694462567746082e-06,-1.0,-1.0,878000
8.757241992952938e-06,-1.0,-1.0,879000
8.668522185871548e-06,-1.0,-1.0,880000
8.848973948261125e-06,-1.0,-1.0,881000
8.823792125440382e-06,-1.0,-1.0,882000
8.762296015902398e-06,-1.0,-1.0,883000
8.811834049083703e-06,-1.0,-1.0,884000
8.784230538822135e-06,-1.0,-1.0,885000
8.775790084655459e-06,-1.0,-1.0,886000
8.80588518111836e-06,-1.0,-1.0,887000
8.676153614487712e-06,-1.0,-1.0,888000
8.973925102054628e-06,-1.0,-1.0,889000
8.655783926315014e-06,-1.0,-1.0,890000
8.72746140385063e-06,-1.0,-1.0,891000
8.634543889456817e-06,-1.0,-1.0,892000
8.771378800702214e-06,-1.0,-1.0,893000
8.734178360555236e-06,-1.0,-1.0,894000
8.698295265276103e-06,-1.0,-1.0,895000
8.750990211410698e-06,-1.0,-1.0,896000
8.757333527228182e-06,-1.0,-1.0,897000
8.700371889972269e-06,-1.0,-1.0,898000
8.850723384057331e-06,-1.0,-1.0,899000
8.66708940111496e-06,-1.0,-1.0,900000
8.669202683904572e-06,-1.0,-1.0,901000
8.601675379850335e-06,-1.0,-1.0,902000
8.756386208006025e-06,-1.0,-1.0,903000
8.747916729589635e-06,-1.0,-1.0,904000
8.669840890433983e-06,-1.0,-1.0,905000
8.893216839624054e-06,-1.0,-1.0,906000
8.568787903641338e-06,-1.0,-1.0,907000
8.759707777244327e-06,-1.0,-1.0,908000
8.810076374629698e-06,-1.0,-1.0,909000
8.668456259783871e-06,-1.0,-1.0,910000
8.648434646147513e-06,-1.0,-1.0,911000
8.806428123989465e-06,-1.0,-1.0,912000
8.430171770669398e-06,-1.0,-1.0,913000
8.790378697085559e-06,-1.0,-1.0,914000
8.751309533636235e-06,-1.0,-1.0,915000
8.687270696100308e-06,-1.0,-1.0,916000
8.697509206285776e-06,-1.0,-1.0,917000
8.563179219891009e-06,-1.0,-1.0,918000
8.801844507615901e-06,-1.0,-1.0,919000
8.667869754845013e-06,-1.0,-1.0,920000
8.686688142006456e-06,-1.0,-1.0,921000
8.791336227204718e-06,-1.0,-1.0,922000
8.706316536063246e-06,-1.0,-1.0,923000
8.665146252951657e-06,-1.0,-1.0,924000
8.571680765271574e-06,-1.0,-1.0,925000
8.8766573776411e-06,-1.0,-1.0,926000
8.697258537722531e-06,-1.0,-1.0,927000
8.523266070369577e-06,-1.0,-1.0,928000
8.576648684538658e-06,-1.0,-1.0,929000
8.790637692072755e-06,-1.0,-1.0,930000
8.567810838940196e-06,-1.0,-1.0,931000
8.684384147272784e-06,-1.0,-1.0,932000
8.683646453391677e-06,-1.0,-1.0,933000
8.639976832455432e-06,-1.0,-1.0,934000
8.543399325844785e-06,-1.0,-1.0,935000
8.7128901732285e-06,-1.0,-1.0,936000
8.575173856115724e-06,-1.0,-1.0,937000
8.593763516728364e-06,-1.0,-1.0,938000
8.671322194004463e-06,-1.0,-1.0,939000
8.674228696236248e-06,-1.0,-1.0,940000
8.582649625623157e-06,-1.0,-1.0,941000
8.591516918841085e-06,-1.0,-1.0,942000
8.675012583353244e-06,-1.0,-1.0,943000
8.753551323025032e-06,-1.0,-1.0,944000
8.632048065010147e-06,-1.0,-1.0,945000
8.523570767465564e-06,-1.0,-1.0,946000
8.649245097331013e-06,-1.0,-1.0,947000
8.58663007056749e-06,-1.0,-1.0,948000
8.598697369052373e-06,-1.0,-1.0,949000
8.659507627271535e-06,-1.0,-1.0,950000
8.595184023761251e-06,-1.0,-1.0,951000
8.552629275527574e-06,-1.0,-1.0,952000
8.701191394266082e-06,-1.0,-1.0,953000
8.658189448851759e-06,-1.0,-1.0,954000
8.469451093787926e-06,-1.0,-1.0,955000
8.46921985794322e-06,-1.0,-1.0,956000
8.67623745489255e-06,-1.0,-1.0,957000
8.602476023042988e-06,-1.0,-1.0,958000
8.621998500984788e-06,-1.0,-1.0,959000
8.485217680572521e-06,-1.0,-1.0,960000
8.667472201068457e-06,-1.0,-1.0,961000
8.526663647899118e-06,-1.0,-1.0,962000
8.486435604481791e-06,-1.0,-1.0,963000
8.715046832548988e-06,-1.0,-1.0,964000
8.655631121655455e-06,-1.0,-1.0,965000
8.672160886817443e-06,-1.0,-1.0,966000
8.643609099181052e-06,-1.0,-1.0,967000
8.471918640680114e-06,-1.0,-1.0,968000
8.452970361759073e-06,-1.0,-1.0,969000
8.818289488772247e-06,-1.0,-1.0,970000
8.536397192074235e-06,-1.0,-1.0,971000
8.499703780216806e-06,-1.0,-1.0,972000
8.661297167236626e-06,-1.0,-1.0,973000
8.569938406253625e-06,-1.0,-1.0,974000
8.523189581410398e-06,-1.0,-1.0,975000
8.524673675310622e-06,-1.0,-1.0,976000
8.579870127960033e-06,-1.0,-1.0,977000
8.49668921455304e-06,-1.0,-1.0,978000
8.586510569330147e-06,-1.0,-1.0,979000
8.430152263372311e-06,-1.0,-1.0,980000
8.593242524057146e-06,-1.0,-1.0,981000
8.483441581120158e-06,-1.0,-1.0,982000
8.564186736293776e-06,-1.0,-1.0,983000
8.573799498662987e-06,-1.0,-1.0,984000
8.540031667962455e-06,-1.0,-1.0,985000
8.700040264102443e-06,-1.0,-1.0,986000
8.451218704976778e-06,-1.0,-1.0,987000
8.556475597288202e-06,-1.0,-1.0,988000
8.675873901665892e-06,-1.0,-1.0,989000
8.47996818356479e-06,-1.0,-1.0,990000
8.487181099553722e-06,-1.0,-1.0,991000
8.584092872752062e-06,-1.0,-1.0,992000
8.496967408518701e-06,-1.0,-1.0,993000
8.483411575070932e-06,-1.0,-1.0,994000
8.673624246966954e-06,-1.0,-1.0,995000
8.536202509276327e-06,-1.0,-1.0,996000
8.413158626808573e-06,-1.0,-1.0,997000
8.519391647496375e-06,-1.0,-1.0,998000
8.454245699795117e-06,-1.0,-1.0,999000
8.50257500860607e-06,-1.0,-1.0,1000000
